resume_text,required_skills,cgpa,aptitude_score,college_tier,company_name
"Experienced in Continuous Learning, DevOps, Django, Cassandra, Google Cloud. Strengths include Leadership, Attention to Detail, Problem-solving.","Flask, Time Management, Go, Google Cloud, AWS",6.82,8,NIT,Oracle
"Experienced in Time Management, MySQL, Web Services, Azure, Cassandra. Strengths include Problem-solving, Leadership, Analytical Thinking.","Python, Go, Leadership, Collaboration, Cloud Architecture",9.22,4,NIT,Accenture
"Experienced in PHP, Analytical Thinking, Mentoring, RESTful APIs, Java. Strengths include Attention to Detail, Communication, Logical Thinking.","Django, Adaptability, Collaboration, Ruby, Oracle",9.92,4,NIT,Tata Consultancy Services (TCS)
"Experienced in Mentoring, Google Cloud, PostgreSQL, Time Management, JavaScript. Strengths include Communication, Continuous Learning, Adaptability.","Adaptability, Communication, Collaboration, Spring Boot, Ruby",7.47,8,SPPU,Tech Mahindra
"Experienced in Web Services, Spark, Adaptability, Leadership, Mentoring. Strengths include Time Management, Adaptability, Problem-solving.","TensorFlow, Communication, Continuous Learning, JavaScript, Java",7.48,7,SPPU,Oracle
"Experienced in Time Management, Cloud Computing, SQL, Ruby on Rails, Web Services. Strengths include Teamwork, Collaboration, Logical Thinking.","Java, AWS, React, Ruby on Rails, Python",6.84,7,Other,Infosys
"Experienced in Azure, DevOps, Node.js, MongoDB, Java. Strengths include Leadership, Continuous Learning, Problem-solving.","Web Services, DevOps, Go, TensorFlow, Communication",8.79,9,IIT,Tata Consultancy Services (TCS)
"Experienced in Cloud Computing, Spring Boot, Collaboration, Continuous Learning, Java. Strengths include Time Management, Analytical Thinking, Problem-solving.","Time Management, React, Attention to Detail, Communication, PostgreSQL",6.52,4,NIT,Oracle
"Experienced in PostgreSQL, Time Management, Python, Go, Communication. Strengths include Analytical Thinking, Leadership, Time Management.","Web Services, Cassandra, Problem-solving, Ruby, Time Management",9.02,8,IIT,Cybage Software Pvt Ltd
"Experienced in Go, Collaboration, Cassandra, NLP, Attention to Detail. Strengths include Teamwork, Analytical Thinking, Attention to Detail.","Oracle, Problem-solving, Logical Thinking, PHP, Adaptability",7.01,9,Mumbai University,Cybage Software Pvt Ltd
"Experienced in Spark, Logical Thinking, Django, Attention to Detail, NLP. Strengths include Leadership, Attention to Detail, Problem-solving.","Web Services, NLP, AWS, Python, Teamwork",7.72,8,Mumbai University,Deloitte
"Experienced in Time Management, Communication, Cloud Architecture, Django, Teamwork. Strengths include Teamwork, Continuous Learning, Collaboration.","Cloud Computing, DevOps, Mentoring, Cloud Architecture, Ruby",9.72,9,SPPU,Accenture
"Experienced in SQL, AWS, Analytical Thinking, RESTful APIs, Ruby on Rails. Strengths include Time Management, Problem-solving, Attention to Detail.","Spring Boot, Flask, Adaptability, Cloud Architecture, Web Services",7.23,7,SPPU,Deloitte
"Experienced in Cloud Computing, React, RESTful APIs, Continuous Learning, JavaScript. Strengths include Teamwork, Communication, Continuous Learning.","Go, PostgreSQL, Communication, AWS, Teamwork",7.75,7,NIT,Wipro
"Experienced in SQL, JavaScript, Spring Boot, RESTful APIs, Oracle. Strengths include Logical Thinking, Problem-solving, Adaptability.","Ruby on Rails, Flask, MongoDB, Attention to Detail, Leadership",8.79,6,NIT,Infosys
"Experienced in Leadership, Oracle, Go, Mentoring, Continuous Learning. Strengths include Logical Thinking, Communication, Continuous Learning.","Cloud Architecture, Node.js, Attention to Detail, Django, Time Management",6.7,5,IIT,Cybage Software Pvt Ltd
"Experienced in Problem-solving, Teamwork, Node.js, Cloud Architecture, SQL. Strengths include Collaboration, Logical Thinking, Attention to Detail.","Azure, Google Cloud, TensorFlow, Web Services, Cassandra",9.5,8,SPPU,Accenture
"Experienced in Oracle, JavaScript, AWS, Cloud Architecture, Teamwork. Strengths include Mentoring, Communication, Time Management.","SQL, Cassandra, Communication, Azure, MongoDB",8.1,6,SPPU,Tata Consultancy Services (TCS)
"Experienced in Teamwork, Mentoring, PHP, Spark, Cloud Computing. Strengths include Leadership, Collaboration, Attention to Detail.","Web Services, Django, Mentoring, PHP, Time Management",9.79,7,Other,Wipro
"Experienced in JavaScript, MySQL, SQL, Analytical Thinking, Cloud Architecture. Strengths include Analytical Thinking, Teamwork, Leadership.","RESTful APIs, Communication, Go, Oracle, NLP",8.19,8,NIT,Deloitte
"Experienced in Node.js, Cassandra, Go, Continuous Learning, Analytical Thinking. Strengths include Logical Thinking, Teamwork, Time Management.","Ruby, Cloud Computing, MongoDB, Python, Adaptability",8.82,10,SPPU,Tata Consultancy Services (TCS)
"Experienced in Go, TensorFlow, RESTful APIs, Mentoring, NLP. Strengths include Teamwork, Leadership, Logical Thinking.","Node.js, Attention to Detail, Python, RESTful APIs, Time Management",6.57,9,Mumbai University,Tata Consultancy Services (TCS)
"Experienced in SQL, React, Continuous Learning, JavaScript, Leadership. Strengths include Leadership, Attention to Detail, Time Management.","Oracle, Flask, Go, Communication, RESTful APIs",9.89,7,Mumbai University,Deloitte
"Experienced in Java, Analytical Thinking, Ruby on Rails, Leadership, Flask. Strengths include Time Management, Mentoring, Logical Thinking.","MongoDB, Java, React, MySQL, Flask",8.66,7,Other,Tech Mahindra
"Experienced in TensorFlow, PostgreSQL, Java, Spark, Time Management. Strengths include Mentoring, Time Management, Teamwork.","Cassandra, Problem-solving, Python, MySQL, DevOps",6.13,7,SPPU,Deloitte
"Experienced in RESTful APIs, Ruby, Cloud Architecture, Spring Boot, Spark. Strengths include Communication, Logical Thinking, Mentoring.","Problem-solving, Communication, Cloud Computing, Mentoring, RESTful APIs",6.49,10,Mumbai University,Accenture
"Experienced in Go, DevOps, Continuous Learning, Oracle, Java. Strengths include Mentoring, Adaptability, Collaboration.","Logical Thinking, Oracle, Cloud Computing, PostgreSQL, Continuous Learning",7.08,9,IIT,Cybage Software Pvt Ltd
"Experienced in Cassandra, Communication, Spark, Web Services, Continuous Learning. Strengths include Mentoring, Attention to Detail, Problem-solving.","PostgreSQL, Go, Continuous Learning, Logical Thinking, Ruby on Rails",6.26,9,Other,Accenture
"Experienced in Azure, Teamwork, MySQL, Mentoring, Django. Strengths include Logical Thinking, Mentoring, Attention to Detail.","React, Collaboration, PHP, Cloud Computing, SQL",7.47,4,NIT,Cyient Ltd
"Experienced in MySQL, Problem-solving, NLP, DevOps, Cloud Computing. Strengths include Mentoring, Teamwork, Time Management.","MongoDB, Java, Attention to Detail, PostgreSQL, Logical Thinking",7.87,7,SPPU,Tech Mahindra
"Experienced in Ruby, Analytical Thinking, Google Cloud, SQL, Teamwork. Strengths include Mentoring, Leadership, Logical Thinking.","Communication, NLP, Ruby, RESTful APIs, Azure",8.61,4,Mumbai University,Wipro
"Experienced in Analytical Thinking, NLP, MySQL, React, PHP. Strengths include Problem-solving, Continuous Learning, Teamwork.","Ruby, Azure, Flask, Web Services, Mentoring",9.56,10,Mumbai University,Tech Mahindra
"Experienced in Communication, Continuous Learning, Mentoring, Analytical Thinking, Flask. Strengths include Communication, Adaptability, Attention to Detail.","DevOps, Oracle, Collaboration, AWS, Ruby on Rails",7.21,10,NIT,Cyient Ltd
"Experienced in Java, JavaScript, Oracle, Ruby, Adaptability. Strengths include Problem-solving, Attention to Detail, Adaptability.","SQL, Ruby on Rails, Leadership, Flask, MySQL",6.65,10,NIT,Cyient Ltd
"Experienced in Adaptability, Time Management, Communication, PostgreSQL, Mentoring. Strengths include Analytical Thinking, Time Management, Attention to Detail.","Django, PostgreSQL, Oracle, Continuous Learning, Teamwork",9.02,6,IIT,HCL Technologies
"Experienced in Leadership, PHP, MySQL, Attention to Detail, AWS. Strengths include Problem-solving, Logical Thinking, Continuous Learning.","MongoDB, Spring Boot, Analytical Thinking, Teamwork, Ruby on Rails",7.15,10,IIT,Tata Consultancy Services (TCS)
"Experienced in Spring Boot, Go, Django, Cloud Architecture, PHP. Strengths include Mentoring, Adaptability, Collaboration.","Mentoring, Adaptability, Django, Leadership, Spark",8.04,6,Other,Infosys
"Experienced in Adaptability, SQL, Analytical Thinking, JavaScript, Google Cloud. Strengths include Communication, Mentoring, Analytical Thinking.","TensorFlow, Adaptability, Time Management, Attention to Detail, Logical Thinking",9.3,8,NIT,Deloitte
"Experienced in RESTful APIs, Cloud Computing, Communication, Cassandra, Google Cloud. Strengths include Collaboration, Adaptability, Leadership.","Ruby, Cloud Architecture, Google Cloud, Spring Boot, Adaptability",7.28,7,Mumbai University,Infosys
"Experienced in JavaScript, Problem-solving, Oracle, Node.js, Java. Strengths include Leadership, Mentoring, Collaboration.","Google Cloud, Teamwork, DevOps, AWS, Cloud Computing",6.85,7,IIT,Tech Mahindra
"Experienced in Analytical Thinking, Go, Mentoring, Oracle, Web Services. Strengths include Communication, Teamwork, Adaptability.","Google Cloud, Ruby on Rails, Oracle, Azure, Time Management",7.99,4,NIT,Infosys
"Experienced in RESTful APIs, PHP, Cassandra, Web Services, Cloud Computing. Strengths include Communication, Problem-solving, Leadership.","Problem-solving, NLP, MySQL, PostgreSQL, Attention to Detail",6.07,6,NIT,Accenture
"Experienced in Cassandra, Azure, Google Cloud, Go, Node.js. Strengths include Analytical Thinking, Collaboration, Problem-solving.","Django, TensorFlow, Collaboration, Teamwork, Problem-solving",7.7,9,Mumbai University,Tata Consultancy Services (TCS)
"Experienced in React, Time Management, Logical Thinking, Leadership, Cloud Architecture. Strengths include Collaboration, Adaptability, Mentoring.","Google Cloud, Ruby, Cloud Architecture, Django, TensorFlow",8.7,6,Mumbai University,Deloitte
"Experienced in Ruby on Rails, Node.js, Leadership, Spark, Continuous Learning. Strengths include Leadership, Analytical Thinking, Communication.","Spark, Adaptability, Analytical Thinking, Azure, Attention to Detail",7.88,8,Mumbai University,HCL Technologies
"Experienced in Java, Time Management, MySQL, Cloud Architecture, Problem-solving. Strengths include Attention to Detail, Mentoring, Leadership.","MySQL, Collaboration, Flask, Time Management, Azure",7.57,10,NIT,Deloitte
"Experienced in Cassandra, MongoDB, Attention to Detail, Flask, Oracle. Strengths include Logical Thinking, Attention to Detail, Leadership.","Logical Thinking, Spark, PHP, AWS, Java",6.88,8,Other,HCL Technologies
"Experienced in NLP, Leadership, Web Services, RESTful APIs, Cassandra. Strengths include Logical Thinking, Analytical Thinking, Continuous Learning.","Cloud Computing, MySQL, Ruby on Rails, JavaScript, Django",7.57,10,IIT,Cyient Ltd
"Experienced in Attention to Detail, Adaptability, Cloud Architecture, MongoDB, Azure. Strengths include Leadership, Attention to Detail, Mentoring.","TensorFlow, NLP, Flask, Ruby on Rails, Continuous Learning",7.12,9,SPPU,Oracle
"Experienced in Web Services, Analytical Thinking, Django, Time Management, Logical Thinking. Strengths include Teamwork, Time Management, Problem-solving.","Go, Continuous Learning, Cloud Computing, SQL, Ruby on Rails",6.67,8,Mumbai University,Cybage Software Pvt Ltd
"Experienced in TensorFlow, MySQL, Web Services, Leadership, Problem-solving. Strengths include Problem-solving, Leadership, Logical Thinking.","Django, Flask, Oracle, Spring Boot, Web Services",9.78,5,Mumbai University,Oracle
"Experienced in Cloud Architecture, Time Management, PHP, RESTful APIs, Leadership. Strengths include Communication, Teamwork, Problem-solving.","Node.js, MySQL, Azure, Continuous Learning, PostgreSQL",9.27,6,NIT,Tata Consultancy Services (TCS)
"Experienced in Azure, Oracle, TensorFlow, Communication, Ruby on Rails. Strengths include Communication, Time Management, Problem-solving.","Cloud Architecture, Web Services, Flask, React, NLP",9.53,9,SPPU,Cyient Ltd
"Experienced in Oracle, Analytical Thinking, MongoDB, MySQL, Ruby. Strengths include Mentoring, Adaptability, Collaboration.","Mentoring, Time Management, Logical Thinking, Attention to Detail, Communication",6.97,4,SPPU,Tech Mahindra
"Experienced in Google Cloud, Communication, Time Management, Cloud Computing, PostgreSQL. Strengths include Attention to Detail, Communication, Logical Thinking.","Azure, Spark, TensorFlow, Collaboration, Cassandra",9.13,7,SPPU,Tech Mahindra
"Experienced in Cloud Computing, Ruby, TensorFlow, Logical Thinking, Cassandra. Strengths include Problem-solving, Communication, Adaptability.","Teamwork, Ruby on Rails, NLP, JavaScript, SQL",7.92,6,NIT,Wipro
"Experienced in React, Spring Boot, Flask, Leadership, Mentoring. Strengths include Leadership, Teamwork, Analytical Thinking.","Mentoring, Time Management, PHP, RESTful APIs, DevOps",6.15,9,NIT,Tata Consultancy Services (TCS)
"Experienced in Node.js, AWS, Mentoring, MongoDB, Cassandra. Strengths include Communication, Analytical Thinking, Problem-solving.","Continuous Learning, Flask, Logical Thinking, NLP, JavaScript",9.3,8,Other,Deloitte
"Experienced in Adaptability, Cassandra, AWS, PHP, Logical Thinking. Strengths include Analytical Thinking, Collaboration, Teamwork.","RESTful APIs, NLP, Node.js, TensorFlow, Oracle",7.42,8,IIT,Tech Mahindra
"Experienced in Ruby on Rails, Azure, Flask, Attention to Detail, JavaScript. Strengths include Attention to Detail, Problem-solving, Communication.","Attention to Detail, Communication, Azure, MySQL, Leadership",9.72,5,Mumbai University,Wipro
"Experienced in TensorFlow, Go, Attention to Detail, Cloud Computing, PostgreSQL. Strengths include Attention to Detail, Teamwork, Mentoring.","DevOps, Node.js, NLP, React, Leadership",8.43,4,NIT,Tata Consultancy Services (TCS)
"Experienced in Continuous Learning, Mentoring, Oracle, Attention to Detail, TensorFlow. Strengths include Collaboration, Time Management, Attention to Detail.","SQL, RESTful APIs, Go, Python, PostgreSQL",7.38,4,Other,Oracle
"Experienced in Node.js, PostgreSQL, React, Cassandra, Spring Boot. Strengths include Attention to Detail, Collaboration, Time Management.","Continuous Learning, Java, Django, SQL, Communication",8.31,7,NIT,Deloitte
"Experienced in Azure, MongoDB, PHP, Attention to Detail, Problem-solving. Strengths include Leadership, Collaboration, Mentoring.","Go, Java, Communication, AWS, Cloud Computing",6.64,8,IIT,Deloitte
"Experienced in Cloud Architecture, DevOps, Spark, Cassandra, Azure. Strengths include Continuous Learning, Teamwork, Attention to Detail.","Cassandra, Cloud Architecture, PHP, Attention to Detail, Problem-solving",8.83,4,IIT,Wipro
"Experienced in Java, Adaptability, NLP, Logical Thinking, Ruby on Rails. Strengths include Logical Thinking, Communication, Collaboration.","AWS, Problem-solving, Attention to Detail, Web Services, Google Cloud",8.37,8,Other,HCL Technologies
"Experienced in Communication, Logical Thinking, Continuous Learning, Spring Boot, Adaptability. Strengths include Attention to Detail, Communication, Logical Thinking.","Django, PHP, Leadership, Attention to Detail, React",9.49,5,IIT,Tata Consultancy Services (TCS)
"Experienced in TensorFlow, Analytical Thinking, Collaboration, Time Management, Attention to Detail. Strengths include Adaptability, Communication, Analytical Thinking.","RESTful APIs, Adaptability, PostgreSQL, Java, Attention to Detail",8.43,8,IIT,Tata Consultancy Services (TCS)
"Experienced in Flask, Go, PostgreSQL, AWS, Analytical Thinking. Strengths include Communication, Continuous Learning, Teamwork.","PHP, Analytical Thinking, AWS, MongoDB, TensorFlow",9.79,8,NIT,Cyient Ltd
"Experienced in Node.js, Teamwork, Logical Thinking, Java, Oracle. Strengths include Problem-solving, Leadership, Collaboration.","MySQL, SQL, Flask, Google Cloud, Web Services",6.32,10,NIT,Cybage Software Pvt Ltd
"Experienced in Oracle, Collaboration, MongoDB, SQL, Leadership. Strengths include Time Management, Problem-solving, Communication.","Google Cloud, Python, Adaptability, Flask, Cloud Computing",6.32,6,SPPU,Cyient Ltd
"Experienced in Communication, AWS, RESTful APIs, PostgreSQL, TensorFlow. Strengths include Communication, Continuous Learning, Collaboration.","Communication, TensorFlow, Ruby on Rails, MySQL, Analytical Thinking",9.32,4,NIT,Wipro
"Experienced in SQL, Logical Thinking, Communication, Ruby, Spark. Strengths include Logical Thinking, Time Management, Continuous Learning.","Ruby on Rails, Python, Leadership, Cassandra, Collaboration",8.44,9,IIT,Tech Mahindra
"Experienced in Attention to Detail, Mentoring, Python, Cloud Computing, Ruby. Strengths include Adaptability, Communication, Logical Thinking.","Leadership, Ruby, Time Management, Problem-solving, PostgreSQL",9.27,9,NIT,Infosys
"Experienced in Python, Teamwork, Node.js, Ruby on Rails, Continuous Learning. Strengths include Time Management, Logical Thinking, Adaptability.","Analytical Thinking, PostgreSQL, PHP, Java, Go",9.42,9,Other,Cyient Ltd
"Experienced in Spark, Logical Thinking, Flask, Teamwork, Cloud Computing. Strengths include Collaboration, Time Management, Adaptability.","Cloud Computing, PostgreSQL, Node.js, JavaScript, Cloud Architecture",9.34,7,Other,Tata Consultancy Services (TCS)
"Experienced in Cloud Computing, Ruby on Rails, TensorFlow, Ruby, RESTful APIs. Strengths include Adaptability, Time Management, Attention to Detail.","React, Teamwork, Java, Mentoring, Leadership",8.72,5,IIT,HCL Technologies
"Experienced in Ruby, NLP, Azure, Ruby on Rails, DevOps. Strengths include Communication, Leadership, Adaptability.","SQL, Adaptability, Time Management, Node.js, Mentoring",8.42,9,SPPU,Cyient Ltd
"Experienced in Ruby on Rails, Cassandra, RESTful APIs, Mentoring, Cloud Architecture. Strengths include Communication, Adaptability, Attention to Detail.","Problem-solving, Ruby on Rails, Adaptability, Communication, RESTful APIs",6.39,9,Mumbai University,Cyient Ltd
"Experienced in PostgreSQL, Logical Thinking, Ruby on Rails, Google Cloud, RESTful APIs. Strengths include Analytical Thinking, Continuous Learning, Collaboration.","Adaptability, PHP, SQL, Python, Logical Thinking",7.77,5,Other,HCL Technologies
"Experienced in PostgreSQL, Analytical Thinking, NLP, DevOps, Spark. Strengths include Communication, Problem-solving, Collaboration.","MySQL, Oracle, Adaptability, PostgreSQL, Ruby on Rails",6.88,6,Mumbai University,Deloitte
"Experienced in Web Services, Azure, DevOps, Flask, MongoDB. Strengths include Analytical Thinking, Collaboration, Communication.","Continuous Learning, Attention to Detail, Time Management, Leadership, Analytical Thinking",6.09,5,IIT,Cyient Ltd
"Experienced in Analytical Thinking, Django, MySQL, Mentoring, Logical Thinking. Strengths include Attention to Detail, Teamwork, Time Management.","Attention to Detail, Problem-solving, Continuous Learning, AWS, Analytical Thinking",8.22,10,IIT,HCL Technologies
"Experienced in Teamwork, Node.js, Azure, SQL, Problem-solving. Strengths include Problem-solving, Leadership, Logical Thinking.","PostgreSQL, Communication, Mentoring, Google Cloud, Analytical Thinking",9.9,5,Other,Deloitte
"Experienced in JavaScript, Cloud Architecture, MongoDB, SQL, Time Management. Strengths include Logical Thinking, Attention to Detail, Communication.","Node.js, Adaptability, SQL, Analytical Thinking, Continuous Learning",7.8,7,Mumbai University,Tech Mahindra
"Experienced in RESTful APIs, React, JavaScript, Analytical Thinking, PHP. Strengths include Teamwork, Time Management, Analytical Thinking.","Django, Cassandra, RESTful APIs, Collaboration, DevOps",8.1,8,Mumbai University,Cyient Ltd
"Experienced in Continuous Learning, MySQL, Spark, Logical Thinking, Ruby on Rails. Strengths include Time Management, Collaboration, Analytical Thinking.","Adaptability, Django, Go, Web Services, PostgreSQL",9.36,6,SPPU,HCL Technologies
"Experienced in Python, Oracle, RESTful APIs, Cloud Architecture, Leadership. Strengths include Teamwork, Leadership, Problem-solving.","Collaboration, Flask, Attention to Detail, Adaptability, Python",6.58,6,SPPU,Wipro
"Experienced in Time Management, NLP, Mentoring, MySQL, Node.js. Strengths include Leadership, Mentoring, Adaptability.","MySQL, Attention to Detail, AWS, RESTful APIs, Azure",9.9,10,SPPU,Cyient Ltd
"Experienced in Django, Go, Logical Thinking, PostgreSQL, Web Services. Strengths include Attention to Detail, Logical Thinking, Problem-solving.","AWS, Node.js, Adaptability, Attention to Detail, Continuous Learning",8.58,5,SPPU,HCL Technologies
"Experienced in Cloud Computing, Problem-solving, Spark, Spring Boot, MySQL. Strengths include Problem-solving, Logical Thinking, Adaptability.","RESTful APIs, Teamwork, NLP, Collaboration, Cloud Computing",9.54,8,Mumbai University,Accenture
"Experienced in SQL, Flask, Node.js, Spring Boot, Mentoring. Strengths include Attention to Detail, Communication, Adaptability.","AWS, Ruby, Logical Thinking, DevOps, Problem-solving",6.49,6,Other,Tata Consultancy Services (TCS)
"Experienced in NLP, Ruby on Rails, TensorFlow, Cloud Architecture, Django. Strengths include Attention to Detail, Continuous Learning, Collaboration.","Django, SQL, TensorFlow, Ruby on Rails, MySQL",6.08,9,NIT,Oracle
"Experienced in Oracle, Go, Ruby, MySQL, Logical Thinking. Strengths include Continuous Learning, Time Management, Collaboration.","Collaboration, Spark, Cloud Architecture, Adaptability, Java",8.36,4,IIT,Tech Mahindra
"Experienced in AWS, Communication, Continuous Learning, Problem-solving, Adaptability. Strengths include Time Management, Mentoring, Teamwork.","Oracle, Spark, Communication, Go, NLP",9.34,7,SPPU,HCL Technologies
"Experienced in Google Cloud, Oracle, Problem-solving, Cloud Architecture, PHP. Strengths include Communication, Continuous Learning, Attention to Detail.","NLP, Node.js, AWS, Collaboration, PostgreSQL",8.91,9,Mumbai University,Cyient Ltd
"Experienced in Mentoring, AWS, Java, Web Services, NLP. Strengths include Logical Thinking, Time Management, Mentoring.","Time Management, Mentoring, Spark, Web Services, Google Cloud",8.94,9,NIT,Infosys
"Experienced in Cassandra, RESTful APIs, Collaboration, AWS, NLP. Strengths include Continuous Learning, Collaboration, Attention to Detail.","Leadership, React, Logical Thinking, RESTful APIs, PostgreSQL",6.5,10,IIT,Tata Consultancy Services (TCS)
"Experienced in Adaptability, Django, Cloud Computing, Web Services, RESTful APIs. Strengths include Mentoring, Teamwork, Logical Thinking.","MongoDB, Web Services, Leadership, Cloud Architecture, RESTful APIs",6.75,5,NIT,Tata Consultancy Services (TCS)
"Experienced in Cassandra, Node.js, AWS, Ruby, Cloud Architecture. Strengths include Time Management, Problem-solving, Collaboration.","Time Management, DevOps, RESTful APIs, Ruby, PHP",6.45,8,Other,Deloitte
"logical thinking, go, time management, javascript, cassandra, mongodb, Spring Boot, React, ruby on rails, analytical thinking","mysql, python, cassandra, Cloud Architecture, React",8.64,10,IIT,Tata Consultancy Services (TCS)
"communication, Spark, ruby, adaptability, java, AWS, Cloud Computing, sql, google cloud, flask","JavaScript, Azure, sql, analytical thinking, google cloud",8.81,9,IIT,Tata Consultancy Services (TCS)
"sql, php, Cloud Architecture, AWS, DevOps, TensorFlow, web services, oracle, leadership, teamwork","teamwork, ruby, go, ruby on rails, oracle",9.77,10,IIT,Tata Consultancy Services (TCS)
"javascript, Azure, continuous learning, mysql, React, ruby on rails, Cloud Architecture, leadership, Spark, teamwork","go, teamwork, ruby, DevOps, restful apis",9.19,10,IIT,Tata Consultancy Services (TCS)
"sql, NLP, Azure, java, restful apis, Spark, django, node.js, JavaScript, mysql","Cloud Architecture, attention to detail, php, mongodb, analytical thinking",9.04,10,IIT,Tata Consultancy Services (TCS)
"node.js, go, django, sql, AWS, Spring Boot, Azure, ruby, teamwork, javascript","node.js, Spark, TensorFlow, leadership, javascript",8.84,10,IIT,Tata Consultancy Services (TCS)
"continuous learning, Cloud Architecture, attention to detail, php, mongodb, collaboration, cassandra, DevOps, java, Spring Boot","Azure, sql, React, oracle, php",9.47,10,IIT,Tata Consultancy Services (TCS)
"sql, postgresql, java, ruby on rails, web services, time management, node.js, Cloud Computing, ruby, oracle","ruby on rails, time management, node.js, attention to detail, Spark",9.38,10,IIT,Tata Consultancy Services (TCS)
"React, node.js, ruby on rails, cassandra, attention to detail, Azure, continuous learning, Spark, java, mysql","collaboration, problem-solving, mentoring, google cloud, python",8.1,9,IIT,Tata Consultancy Services (TCS)
"Cloud Architecture, adaptability, TensorFlow, teamwork, javascript, attention to detail, django, continuous learning, Cloud Computing, ruby","adaptability, postgresql, NLP, analytical thinking, logical thinking",9.5,10,IIT,Tata Consultancy Services (TCS)
"TensorFlow, AWS, web services, Cloud Architecture, go, leadership, JavaScript, Azure, NLP, adaptability","analytical thinking, oracle, mysql, communication, javascript",8.44,9,IIT,Tata Consultancy Services (TCS)
"attention to detail, JavaScript, DevOps, oracle, javascript, Azure, communication, ruby on rails, teamwork, collaboration","adaptability, google cloud, communication, cassandra, analytical thinking",8.34,9,IIT,Tata Consultancy Services (TCS)
"google cloud, oracle, restful apis, attention to detail, leadership, javascript, collaboration, Spark, mysql, TensorFlow","collaboration, java, python, mysql, Cloud Computing",8.43,9,IIT,Tata Consultancy Services (TCS)
"sql, mysql, analytical thinking, logical thinking, problem-solving, php, web services, attention to detail, adaptability, Cloud Architecture","google cloud, oracle, mongodb, time management, cassandra",8.21,9,IIT,Tata Consultancy Services (TCS)
"django, AWS, mongodb, attention to detail, time management, analytical thinking, cassandra, Spark, Spring Boot, DevOps","Azure, Cloud Architecture, continuous learning, ruby, leadership",8.25,10,IIT,Tata Consultancy Services (TCS)
"NLP, Spring Boot, ruby, communication, React, python, teamwork, javascript, web services, mentoring","teamwork, mongodb, Cloud Architecture, AWS, Azure",9.57,10,IIT,Tata Consultancy Services (TCS)
"Cloud Architecture, adaptability, analytical thinking, teamwork, oracle, logical thinking, php, mentoring, django, mongodb","sql, JavaScript, restful apis, mongodb, communication",8.45,10,IIT,Tata Consultancy Services (TCS)
"web services, React, communication, oracle, analytical thinking, DevOps, problem-solving, JavaScript, teamwork, TensorFlow","javascript, leadership, DevOps, problem-solving, AWS",9.29,9,IIT,Tata Consultancy Services (TCS)
"Azure, postgresql, mysql, DevOps, adaptability, oracle, communication, teamwork, analytical thinking, flask","adaptability, cassandra, mysql, time management, Azure",8.19,9,IIT,Tata Consultancy Services (TCS)
"Spring Boot, leadership, cassandra, continuous learning, web services, analytical thinking, postgresql, AWS, javascript, React","google cloud, logical thinking, attention to detail, java, continuous learning",9.19,9,IIT,Tata Consultancy Services (TCS)
"flask, ruby, TensorFlow, Spark, node.js, postgresql, Cloud Architecture, web services, Azure, leadership","restful apis, Azure, continuous learning, collaboration, google cloud",8.45,9,IIT,Tata Consultancy Services (TCS)
"TensorFlow, ruby, google cloud, time management, postgresql, teamwork, leadership, problem-solving, restful apis, oracle","React, DevOps, web services, Spring Boot, ruby on rails",8.31,10,IIT,Tata Consultancy Services (TCS)
"cassandra, flask, mentoring, DevOps, restful apis, java, web services, attention to detail, javascript, React","NLP, problem-solving, oracle, cassandra, TensorFlow",9.21,10,IIT,Tata Consultancy Services (TCS)
"communication, NLP, analytical thinking, sql, attention to detail, ruby, problem-solving, restful apis, php, continuous learning","python, postgresql, JavaScript, teamwork, time management",8.05,9,IIT,Tata Consultancy Services (TCS)
"cassandra, mentoring, java, time management, javascript, collaboration, logical thinking, Cloud Computing, Spring Boot, analytical thinking","TensorFlow, python, javascript, continuous learning, DevOps",9.2,10,IIT,Tata Consultancy Services (TCS)
"continuous learning, NLP, mysql, time management, adaptability, ruby on rails, ruby, leadership, Azure, JavaScript","mysql, analytical thinking, php, Cloud Architecture, ruby",8.74,9,IIT,Tata Consultancy Services (TCS)
"mongodb, time management, python, go, mysql, javascript, leadership, continuous learning, Spark, adaptability","javascript, problem-solving, collaboration, mongodb, cassandra",9.27,9,IIT,Tata Consultancy Services (TCS)
"communication, analytical thinking, Spark, django, mentoring, go, ruby on rails, web services, attention to detail, ruby","mentoring, ruby on rails, java, continuous learning, go",8.28,10,IIT,Tata Consultancy Services (TCS)
"java, teamwork, time management, oracle, flask, leadership, restful apis, web services, cassandra, communication","restful apis, python, node.js, analytical thinking, Spring Boot",8.19,9,IIT,Tata Consultancy Services (TCS)
"analytical thinking, flask, restful apis, Spring Boot, problem-solving, oracle, React, attention to detail, communication, adaptability","React, Spark, TensorFlow, leadership, AWS",9.54,10,IIT,Tata Consultancy Services (TCS)
"ruby on rails, Cloud Architecture, mysql, go, php, mongodb, continuous learning, cassandra, logical thinking, NLP","collaboration, javascript, React, php, oracle",9.03,10,IIT,Infosys
"ruby on rails, problem-solving, php, mysql, Cloud Computing, mentoring, DevOps, restful apis, collaboration, flask","web services, node.js, java, JavaScript, ruby on rails",9.47,9,IIT,Infosys
"Spring Boot, DevOps, JavaScript, adaptability, restful apis, postgresql, java, communication, javascript, cassandra","attention to detail, collaboration, java, React, node.js",9.21,9,IIT,Infosys
"node.js, oracle, postgresql, NLP, teamwork, python, Spark, go, collaboration, java","teamwork, Azure, analytical thinking, attention to detail, go",8.41,9,IIT,Infosys
"teamwork, ruby on rails, cassandra, mysql, php, web services, NLP, continuous learning, oracle, AWS","NLP, Spark, mentoring, Cloud Architecture, Cloud Computing",8.48,9,IIT,Infosys
"python, postgresql, Cloud Computing, time management, leadership, ruby on rails, go, cassandra, javascript, sql","flask, mentoring, Cloud Architecture, Spring Boot, go",8.15,10,IIT,Infosys
"AWS, ruby on rails, adaptability, Cloud Computing, go, mongodb, postgresql, web services, TensorFlow, restful apis","TensorFlow, NLP, flask, Azure, mysql",8.9,9,IIT,Infosys
"adaptability, React, ruby, logical thinking, teamwork, mongodb, mysql, analytical thinking, Azure, Spring Boot","postgresql, restful apis, flask, go, python",8.12,10,IIT,Infosys
"node.js, NLP, AWS, leadership, collaboration, time management, DevOps, analytical thinking, Cloud Architecture, google cloud","Azure, google cloud, TensorFlow, continuous learning, time management",8.6,9,IIT,Infosys
"React, TensorFlow, attention to detail, django, problem-solving, ruby on rails, JavaScript, Cloud Architecture, mentoring, go","restful apis, javascript, logical thinking, ruby on rails, django",8.52,10,IIT,Infosys
"Spring Boot, ruby on rails, Spark, AWS, analytical thinking, mentoring, time management, communication, React, mongodb","JavaScript, Spring Boot, teamwork, React, flask",9.24,9,IIT,Infosys
"php, ruby, problem-solving, javascript, DevOps, Cloud Architecture, teamwork, node.js, Spark, restful apis","mongodb, google cloud, java, DevOps, NLP",9.32,10,IIT,Infosys
"postgresql, java, mysql, google cloud, Spark, DevOps, adaptability, leadership, TensorFlow, JavaScript","NLP, Cloud Computing, continuous learning, attention to detail, time management",9.51,10,IIT,Infosys
"problem-solving, teamwork, web services, adaptability, flask, ruby, Spark, php, python, communication","postgresql, communication, mentoring, java, google cloud",9.04,9,IIT,Infosys
"continuous learning, problem-solving, ruby on rails, django, React, teamwork, sql, oracle, NLP, collaboration","Cloud Computing, Azure, python, ruby, AWS",8.32,9,IIT,Infosys
"collaboration, python, node.js, cassandra, NLP, ruby on rails, restful apis, Azure, mongodb, Spring Boot","Azure, google cloud, attention to detail, postgresql, JavaScript",9.32,9,IIT,Infosys
"time management, JavaScript, teamwork, oracle, cassandra, NLP, TensorFlow, leadership, flask, mongodb","mysql, ruby, flask, JavaScript, React",9.76,10,IIT,Infosys
"React, django, restful apis, Spring Boot, logical thinking, ruby, JavaScript, mongodb, analytical thinking, Spark","AWS, ruby on rails, oracle, TensorFlow, postgresql",9.48,9,IIT,Infosys
"time management, Spring Boot, attention to detail, cassandra, logical thinking, Spark, React, DevOps, sql, Cloud Architecture","TensorFlow, Spark, collaboration, leadership, time management",9.68,9,IIT,Infosys
"oracle, Spring Boot, node.js, React, sql, Spark, cassandra, DevOps, Azure, Cloud Computing","go, JavaScript, web services, flask, google cloud",8.87,10,IIT,Infosys
"JavaScript, oracle, communication, Cloud Computing, javascript, node.js, cassandra, adaptability, DevOps, mentoring","NLP, django, restful apis, teamwork, collaboration",9.06,10,IIT,Infosys
"postgresql, Spring Boot, JavaScript, mentoring, logical thinking, DevOps, ruby on rails, node.js, communication, time management","AWS, leadership, ruby, Cloud Architecture, attention to detail",8.75,9,IIT,Infosys
"web services, java, go, restful apis, mysql, TensorFlow, problem-solving, analytical thinking, Cloud Architecture, adaptability","time management, attention to detail, cassandra, Azure, mongodb",9.46,10,IIT,Infosys
"ruby, restful apis, Spring Boot, logical thinking, python, problem-solving, oracle, React, google cloud, leadership","web services, python, communication, ruby, problem-solving",8.21,9,IIT,Infosys
"google cloud, attention to detail, php, NLP, collaboration, React, adaptability, Spring Boot, TensorFlow, go","Spark, restful apis, ruby on rails, continuous learning, go",8.71,10,IIT,Infosys
"mysql, communication, time management, javascript, NLP, analytical thinking, JavaScript, problem-solving, oracle, django","java, logical thinking, oracle, mentoring, python",8.06,10,IIT,Infosys
"ruby on rails, node.js, cassandra, time management, python, collaboration, Spring Boot, Cloud Computing, web services, Azure","logical thinking, php, teamwork, DevOps, web services",8.59,10,IIT,Infosys
"flask, collaboration, google cloud, node.js, Spark, cassandra, adaptability, java, Spring Boot, django","php, NLP, time management, Spark, postgresql",9.3,9,IIT,Infosys
"AWS, ruby on rails, cassandra, Azure, teamwork, JavaScript, TensorFlow, Spark, django, oracle","TensorFlow, node.js, logical thinking, Azure, analytical thinking",9.18,9,IIT,Infosys
"JavaScript, collaboration, Cloud Architecture, teamwork, logical thinking, NLP, problem-solving, python, Spark, oracle","time management, Cloud Architecture, logical thinking, django, attention to detail",8.37,9,IIT,Infosys
"restful apis, web services, continuous learning, communication, Azure, sql, ruby, mentoring, java, Cloud Architecture","logical thinking, NLP, node.js, ruby on rails, Spark",9.15,10,IIT,Wipro
"sql, continuous learning, JavaScript, TensorFlow, ruby on rails, php, Cloud Architecture, oracle, React, mentoring","oracle, sql, logical thinking, collaboration, javascript",9.32,9,IIT,Wipro
"google cloud, NLP, oracle, adaptability, Spring Boot, java, ruby, DevOps, teamwork, collaboration","java, time management, cassandra, collaboration, TensorFlow",8.69,10,IIT,Wipro
"cassandra, flask, adaptability, continuous learning, collaboration, logical thinking, ruby on rails, Spark, sql, NLP","React, mysql, javascript, go, Spring Boot",9.36,9,IIT,Wipro
"problem-solving, teamwork, go, React, Cloud Computing, mysql, Cloud Architecture, mongodb, ruby on rails, Spring Boot","mentoring, cassandra, google cloud, AWS, teamwork",9.36,9,IIT,Wipro
"NLP, adaptability, python, mongodb, cassandra, React, collaboration, attention to detail, TensorFlow, php","django, teamwork, javascript, python, mentoring",9.77,9,IIT,Wipro
"time management, collaboration, google cloud, NLP, oracle, communication, flask, node.js, go, web services","cassandra, analytical thinking, time management, teamwork, attention to detail",8.05,9,IIT,Wipro
"postgresql, javascript, mysql, go, php, Azure, cassandra, time management, ruby on rails, Cloud Architecture","JavaScript, attention to detail, teamwork, web services, Spark",8.34,10,IIT,Wipro
"time management, JavaScript, node.js, Azure, java, sql, Cloud Computing, javascript, oracle, logical thinking","google cloud, django, flask, JavaScript, AWS",8.93,9,IIT,Wipro
"javascript, continuous learning, mentoring, NLP, adaptability, Spark, attention to detail, node.js, cassandra, DevOps","React, node.js, restful apis, Cloud Computing, sql",8.19,10,IIT,Wipro
"leadership, teamwork, communication, postgresql, JavaScript, AWS, flask, python, continuous learning, mysql","Cloud Architecture, restful apis, java, mongodb, go",9.57,10,IIT,Wipro
"python, Spark, Cloud Architecture, time management, AWS, React, postgresql, java, attention to detail, php","sql, Spring Boot, Spark, NLP, Azure",8.58,10,IIT,Wipro
"Spark, AWS, mongodb, attention to detail, Spring Boot, Cloud Architecture, Cloud Computing, mysql, postgresql, React","flask, collaboration, Azure, adaptability, oracle",9.38,10,IIT,Wipro
"leadership, ruby, JavaScript, AWS, cassandra, mentoring, go, python, php, Cloud Architecture","communication, mongodb, Spring Boot, attention to detail, mentoring",8.3,9,IIT,Wipro
"sql, DevOps, React, go, Azure, adaptability, continuous learning, mentoring, time management, flask","Spark, Cloud Architecture, logical thinking, analytical thinking, communication",8.44,10,IIT,Wipro
"ruby on rails, collaboration, oracle, JavaScript, google cloud, adaptability, python, Cloud Computing, ruby, php","leadership, Cloud Computing, flask, mysql, DevOps",8.74,10,IIT,Wipro
"django, teamwork, problem-solving, go, logical thinking, restful apis, analytical thinking, communication, Spark, oracle","mongodb, google cloud, time management, ruby, mentoring",8.23,9,IIT,Wipro
"php, web services, Cloud Architecture, continuous learning, mentoring, mysql, teamwork, adaptability, django, collaboration","React, collaboration, Spark, leadership, go",9.51,10,IIT,Wipro
"javascript, ruby, django, JavaScript, mongodb, php, attention to detail, NLP, flask, oracle","JavaScript, AWS, continuous learning, communication, php",9.52,10,IIT,Wipro
"Cloud Architecture, node.js, ruby, restful apis, communication, google cloud, teamwork, django, javascript, time management","DevOps, mongodb, python, leadership, Spark",9.22,9,IIT,Wipro
"problem-solving, php, leadership, java, ruby on rails, oracle, adaptability, collaboration, go, Cloud Architecture","Spring Boot, JavaScript, oracle, go, attention to detail",9.59,9,IIT,Wipro
"mysql, mentoring, teamwork, Cloud Architecture, python, logical thinking, Spring Boot, React, leadership, attention to detail","analytical thinking, logical thinking, leadership, python, problem-solving",8.85,9,IIT,Wipro
"oracle, Cloud Architecture, ruby, web services, attention to detail, Spark, java, leadership, React, mysql","oracle, logical thinking, continuous learning, AWS, mentoring",8.22,9,IIT,Wipro
"google cloud, JavaScript, go, Spring Boot, node.js, teamwork, javascript, analytical thinking, problem-solving, restful apis","analytical thinking, ruby, DevOps, Spring Boot, google cloud",8.43,10,IIT,Wipro
"php, attention to detail, mentoring, go, node.js, TensorFlow, React, problem-solving, continuous learning, Azure","cassandra, AWS, sql, time management, flask",9.78,9,IIT,Wipro
"analytical thinking, flask, node.js, cassandra, ruby, attention to detail, Azure, django, google cloud, collaboration","DevOps, teamwork, Cloud Architecture, sql, Azure",9.28,9,IIT,Wipro
"leadership, google cloud, javascript, node.js, adaptability, mentoring, analytical thinking, time management, attention to detail, php","logical thinking, php, Cloud Computing, DevOps, Azure",8.26,10,IIT,Wipro
"ruby on rails, django, Cloud Architecture, logical thinking, postgresql, google cloud, communication, Spark, time management, problem-solving","mysql, mentoring, logical thinking, Cloud Computing, node.js",9.63,10,IIT,Wipro
"Cloud Computing, continuous learning, adaptability, javascript, Azure, mentoring, leadership, teamwork, time management, postgresql","Cloud Computing, NLP, ruby on rails, cassandra, JavaScript",8.23,9,IIT,Wipro
"NLP, python, cassandra, time management, AWS, restful apis, collaboration, ruby on rails, continuous learning, java","Cloud Computing, go, continuous learning, adaptability, ruby",9.71,9,IIT,Wipro
"logical thinking, php, mysql, javascript, mongodb, adaptability, TensorFlow, cassandra, node.js, ruby on rails","TensorFlow, collaboration, python, JavaScript, React",8.36,10,IIT,HCLTech
"DevOps, TensorFlow, cassandra, node.js, restful apis, google cloud, mongodb, mysql, ruby, Cloud Computing","React, mentoring, JavaScript, communication, python",8.06,9,IIT,HCLTech
"leadership, restful apis, logical thinking, flask, Spark, ruby on rails, DevOps, java, Azure, adaptability","postgresql, Cloud Computing, django, oracle, communication",9.7,10,IIT,HCLTech
"ruby, mentoring, leadership, teamwork, postgresql, node.js, django, Spring Boot, React, Azure","php, mysql, continuous learning, sql, React",9.7,9,IIT,HCLTech
"attention to detail, NLP, problem-solving, Cloud Computing, AWS, sql, cassandra, web services, communication, django","communication, JavaScript, AWS, Azure, Spring Boot",8.86,9,IIT,HCLTech
"collaboration, node.js, analytical thinking, Cloud Computing, teamwork, postgresql, ruby on rails, DevOps, javascript, python","teamwork, cassandra, oracle, django, Spring Boot",8.23,9,IIT,HCLTech
"AWS, problem-solving, ruby on rails, Spring Boot, mentoring, web services, java, flask, google cloud, postgresql","django, Spring Boot, time management, java, continuous learning",8.63,10,IIT,HCLTech
"google cloud, logical thinking, cassandra, leadership, flask, javascript, analytical thinking, node.js, oracle, java","mysql, logical thinking, php, AWS, mentoring",8.44,10,IIT,HCLTech
"time management, mysql, javascript, sql, communication, cassandra, django, DevOps, collaboration, TensorFlow","javascript, NLP, php, google cloud, analytical thinking",8.96,10,IIT,HCLTech
"analytical thinking, cassandra, django, time management, AWS, mysql, ruby, php, google cloud, oracle","mongodb, python, JavaScript, django, Azure",9.15,9,IIT,HCLTech
"Cloud Architecture, javascript, leadership, Azure, ruby on rails, python, java, web services, postgresql, node.js","mysql, AWS, NLP, Spring Boot, Cloud Computing",8.23,10,IIT,HCLTech
"mentoring, flask, oracle, Azure, Spring Boot, leadership, postgresql, restful apis, analytical thinking, go","sql, node.js, leadership, DevOps, restful apis",9.26,9,IIT,HCLTech
"TensorFlow, mongodb, Cloud Computing, NLP, ruby on rails, ruby, analytical thinking, sql, teamwork, mysql","Spark, javascript, AWS, analytical thinking, Azure",8.54,10,IIT,HCLTech
"leadership, attention to detail, go, cassandra, AWS, ruby on rails, sql, oracle, JavaScript, time management","adaptability, mysql, cassandra, oracle, mentoring",8.2,9,IIT,HCLTech
"mongodb, attention to detail, communication, flask, React, problem-solving, node.js, Cloud Computing, sql, Spring Boot","restful apis, DevOps, collaboration, django, Cloud Computing",8.1,9,IIT,HCLTech
"mongodb, leadership, ruby, cassandra, NLP, Azure, java, django, DevOps, continuous learning","restful apis, logical thinking, NLP, javascript, leadership",9.58,10,IIT,HCLTech
"google cloud, restful apis, ruby on rails, continuous learning, problem-solving, go, attention to detail, AWS, Spark, flask","ruby, ruby on rails, oracle, mentoring, continuous learning",9.08,9,IIT,HCLTech
"Cloud Architecture, DevOps, flask, Cloud Computing, cassandra, NLP, collaboration, Azure, AWS, analytical thinking","mentoring, teamwork, continuous learning, Spark, adaptability",8.1,10,IIT,HCLTech
"TensorFlow, mongodb, postgresql, collaboration, analytical thinking, logical thinking, problem-solving, mentoring, time management, Cloud Computing","mongodb, php, postgresql, django, cassandra",8.54,9,IIT,HCLTech
"logical thinking, analytical thinking, time management, ruby, AWS, oracle, mentoring, python, Spark, leadership","python, mentoring, php, JavaScript, leadership",9.31,10,IIT,HCLTech
"mongodb, TensorFlow, Azure, web services, cassandra, Spring Boot, time management, React, go, django","Cloud Computing, web services, teamwork, php, node.js",9.03,9,IIT,HCLTech
"JavaScript, NLP, DevOps, python, mentoring, postgresql, TensorFlow, leadership, ruby on rails, Spark","django, java, mentoring, adaptability, problem-solving",9.48,10,IIT,HCLTech
"teamwork, Spring Boot, php, AWS, analytical thinking, go, cassandra, communication, React, DevOps","go, ruby, time management, google cloud, python",8.23,9,IIT,HCLTech
"attention to detail, mysql, TensorFlow, javascript, sql, restful apis, adaptability, mentoring, ruby on rails, collaboration","django, Cloud Architecture, AWS, React, time management",9.43,9,IIT,HCLTech
"analytical thinking, restful apis, google cloud, flask, php, mongodb, Cloud Architecture, JavaScript, Azure, web services","php, web services, google cloud, communication, oracle",8.42,9,IIT,HCLTech
"NLP, python, logical thinking, leadership, React, analytical thinking, Azure, adaptability, communication, javascript","problem-solving, React, restful apis, mongodb, sql",8.54,9,IIT,HCLTech
"adaptability, sql, python, attention to detail, analytical thinking, ruby, NLP, Cloud Architecture, Spark, Cloud Computing","Cloud Architecture, mongodb, flask, Spark, ruby on rails",9.66,9,IIT,HCLTech
"teamwork, leadership, analytical thinking, TensorFlow, NLP, Spark, logical thinking, oracle, collaboration, python","leadership, adaptability, web services, java, restful apis",9.37,9,IIT,HCLTech
"flask, NLP, DevOps, restful apis, analytical thinking, Cloud Architecture, oracle, python, ruby on rails, django","Azure, mongodb, logical thinking, leadership, postgresql",9.02,10,IIT,HCLTech
"restful apis, ruby, flask, Cloud Computing, NLP, analytical thinking, React, communication, DevOps, mentoring","DevOps, python, mentoring, Cloud Computing, restful apis",8.57,10,IIT,HCLTech
"php, TensorFlow, collaboration, Cloud Architecture, Spring Boot, restful apis, logical thinking, oracle, go, java","TensorFlow, java, DevOps, google cloud, cassandra",9.08,10,IIT,IBM
"web services, DevOps, problem-solving, mentoring, ruby, ruby on rails, oracle, Cloud Architecture, continuous learning, go","sql, adaptability, Cloud Computing, teamwork, time management",9.13,10,IIT,IBM
"adaptability, cassandra, TensorFlow, React, node.js, ruby on rails, NLP, AWS, oracle, JavaScript","google cloud, attention to detail, Cloud Architecture, php, Azure",8.82,9,IIT,IBM
"Cloud Architecture, leadership, analytical thinking, AWS, NLP, mysql, time management, problem-solving, communication, python","teamwork, Spark, analytical thinking, google cloud, React",8.97,9,IIT,IBM
"java, ruby on rails, mysql, google cloud, Spark, JavaScript, React, teamwork, oracle, go","leadership, Azure, web services, Cloud Architecture, go",8.84,9,IIT,IBM
"mentoring, problem-solving, attention to detail, node.js, postgresql, Cloud Computing, DevOps, go, teamwork, mongodb","AWS, DevOps, Cloud Computing, collaboration, google cloud",8.59,9,IIT,IBM
"django, ruby on rails, google cloud, logical thinking, adaptability, JavaScript, javascript, time management, postgresql, cassandra","JavaScript, google cloud, Spring Boot, TensorFlow, node.js",8.36,9,IIT,IBM
"communication, cassandra, go, collaboration, web services, python, Spring Boot, attention to detail, Cloud Architecture, postgresql","Cloud Architecture, NLP, node.js, mentoring, postgresql",9.63,10,IIT,IBM
"adaptability, React, attention to detail, restful apis, leadership, Spark, go, java, javascript, Cloud Computing","Cloud Computing, oracle, web services, React, sql",9.08,10,IIT,IBM
"Cloud Computing, go, problem-solving, React, node.js, collaboration, JavaScript, attention to detail, time management, oracle","python, adaptability, go, continuous learning, AWS",8.57,9,IIT,IBM
"python, leadership, Cloud Architecture, django, java, javascript, TensorFlow, JavaScript, go, communication","ruby on rails, JavaScript, google cloud, Azure, java",8.94,10,IIT,IBM
"attention to detail, web services, communication, google cloud, restful apis, React, time management, DevOps, mysql, problem-solving","node.js, attention to detail, postgresql, time management, mongodb",9.11,9,IIT,IBM
"java, restful apis, Cloud Architecture, communication, node.js, web services, adaptability, oracle, flask, teamwork","php, google cloud, python, ruby on rails, logical thinking",8.05,10,IIT,IBM
"time management, teamwork, AWS, javascript, adaptability, web services, communication, attention to detail, continuous learning, Spark","problem-solving, logical thinking, postgresql, node.js, python",8.83,10,IIT,IBM
"oracle, TensorFlow, mentoring, postgresql, problem-solving, attention to detail, DevOps, mysql, Cloud Architecture, leadership","continuous learning, React, problem-solving, Azure, flask",8.03,10,IIT,IBM
"teamwork, sql, Spark, javascript, mentoring, go, Azure, communication, restful apis, problem-solving","django, AWS, React, logical thinking, continuous learning",8.9,9,IIT,IBM
"web services, node.js, problem-solving, leadership, google cloud, Spark, React, time management, analytical thinking, mentoring","communication, postgresql, go, Spring Boot, NLP",9.64,9,IIT,IBM
"postgresql, mysql, React, AWS, communication, collaboration, node.js, google cloud, go, python","django, javascript, Spark, adaptability, postgresql",9.02,9,IIT,IBM
"problem-solving, React, Cloud Computing, attention to detail, mysql, Spring Boot, google cloud, logical thinking, analytical thinking, NLP","ruby, postgresql, continuous learning, React, adaptability",8.79,9,IIT,IBM
"web services, Cloud Computing, java, continuous learning, attention to detail, teamwork, collaboration, Spring Boot, flask, analytical thinking","JavaScript, NLP, leadership, postgresql, TensorFlow",9.7,10,IIT,IBM
"python, problem-solving, AWS, NLP, restful apis, web services, google cloud, logical thinking, teamwork, communication","DevOps, mysql, teamwork, problem-solving, ruby on rails",8.55,9,IIT,IBM
"collaboration, logical thinking, communication, Cloud Architecture, mysql, postgresql, continuous learning, php, teamwork, restful apis","oracle, teamwork, React, DevOps, mongodb",8.9,9,IIT,IBM
"Spark, oracle, Spring Boot, analytical thinking, google cloud, problem-solving, web services, ruby on rails, mysql, javascript","TensorFlow, continuous learning, problem-solving, javascript, analytical thinking",8.86,10,IIT,IBM
"restful apis, DevOps, php, flask, mysql, NLP, java, oracle, node.js, Cloud Architecture","React, postgresql, restful apis, analytical thinking, php",9.71,10,IIT,IBM
"NLP, google cloud, web services, sql, Spark, communication, django, TensorFlow, React, logical thinking","django, python, analytical thinking, ruby on rails, node.js",8.9,10,IIT,IBM
"adaptability, problem-solving, analytical thinking, mongodb, Spark, DevOps, NLP, Azure, postgresql, ruby on rails","javascript, Spark, google cloud, AWS, ruby",9.76,9,IIT,IBM
"mongodb, cassandra, python, oracle, NLP, flask, mentoring, collaboration, Cloud Computing, java","node.js, mysql, DevOps, ruby on rails, collaboration",9.11,10,IIT,IBM
"communication, web services, analytical thinking, JavaScript, restful apis, cassandra, mysql, teamwork, React, time management","oracle, go, DevOps, php, adaptability",8.2,10,IIT,IBM
"mysql, go, communication, restful apis, continuous learning, Spring Boot, Cloud Computing, postgresql, mongodb, python","java, JavaScript, NLP, DevOps, go",8.33,10,IIT,IBM
"php, javascript, python, Cloud Architecture, Spark, NLP, web services, node.js, React, DevOps","Spring Boot, google cloud, React, mentoring, NLP",9.2,10,IIT,IBM
"django, analytical thinking, restful apis, cassandra, time management, mysql, sql, Azure, Cloud Architecture, communication","JavaScript, ruby, React, postgresql, google cloud",9.73,10,IIT,Accenture
"postgresql, Azure, AWS, communication, java, node.js, Spring Boot, TensorFlow, time management, sql","adaptability, Cloud Computing, ruby on rails, problem-solving, DevOps",8.47,10,IIT,Accenture
"sql, mentoring, teamwork, javascript, cassandra, JavaScript, node.js, php, AWS, analytical thinking","django, collaboration, google cloud, NLP, sql",9.67,10,IIT,Accenture
"Spark, TensorFlow, collaboration, sql, JavaScript, adaptability, Cloud Architecture, communication, python, ruby on rails","ruby on rails, mentoring, AWS, php, node.js",9.77,10,IIT,Accenture
"flask, restful apis, JavaScript, Azure, analytical thinking, React, cassandra, sql, time management, php","AWS, web services, sql, DevOps, django",8.15,9,IIT,Accenture
"google cloud, postgresql, node.js, ruby on rails, Spring Boot, mysql, DevOps, leadership, TensorFlow, AWS","go, mentoring, node.js, oracle, mongodb",8.66,10,IIT,Accenture
"javascript, mongodb, AWS, problem-solving, web services, Spark, go, Azure, postgresql, DevOps","oracle, leadership, Azure, Cloud Architecture, django",8.26,9,IIT,Accenture
"web services, DevOps, collaboration, mysql, continuous learning, oracle, logical thinking, restful apis, Spark, adaptability","teamwork, AWS, javascript, go, continuous learning",9.34,10,IIT,Accenture
"TensorFlow, django, go, oracle, problem-solving, mysql, React, python, leadership, flask","time management, leadership, collaboration, postgresql, oracle",8.16,10,IIT,Accenture
"collaboration, django, javascript, Spark, TensorFlow, mysql, teamwork, adaptability, Cloud Computing, mongodb","TensorFlow, attention to detail, java, sql, node.js",8.68,10,IIT,Accenture
"attention to detail, cassandra, javascript, leadership, python, php, communication, django, postgresql, restful apis","AWS, web services, ruby on rails, Cloud Computing, google cloud",9.17,9,IIT,Accenture
"mentoring, Spring Boot, sql, NLP, attention to detail, JavaScript, ruby on rails, DevOps, time management, php","time management, php, adaptability, go, java",8.8,10,IIT,Accenture
"communication, cassandra, AWS, analytical thinking, mongodb, Cloud Computing, go, DevOps, javascript, NLP","node.js, mongodb, ruby on rails, python, cassandra",9.5,9,IIT,Accenture
"javascript, java, Cloud Architecture, leadership, go, continuous learning, cassandra, Spring Boot, node.js, mongodb","Spark, oracle, React, AWS, Cloud Computing",9.09,10,IIT,Accenture
"web services, JavaScript, oracle, flask, AWS, mentoring, ruby, google cloud, collaboration, django","attention to detail, JavaScript, oracle, Cloud Computing, google cloud",9.42,10,IIT,Accenture
"Cloud Architecture, sql, collaboration, time management, Azure, React, attention to detail, Spark, restful apis, DevOps","web services, Spring Boot, NLP, cassandra, leadership",8.29,9,IIT,Accenture
"web services, javascript, DevOps, problem-solving, node.js, logical thinking, django, React, NLP, leadership","AWS, web services, mentoring, attention to detail, django",8.08,9,IIT,Accenture
"TensorFlow, google cloud, restful apis, go, flask, javascript, NLP, analytical thinking, java, django","logical thinking, sql, Spring Boot, ruby on rails, TensorFlow",8.44,10,IIT,Accenture
"ruby on rails, Spark, google cloud, web services, java, DevOps, go, mentoring, logical thinking, teamwork","restful apis, NLP, web services, postgresql, google cloud",8.14,10,IIT,Accenture
"ruby, TensorFlow, communication, React, leadership, python, mongodb, java, javascript, adaptability","adaptability, mongodb, mentoring, node.js, Spark",8.81,10,IIT,Accenture
"sql, DevOps, Azure, google cloud, logical thinking, time management, web services, React, Cloud Architecture, python","time management, leadership, problem-solving, attention to detail, ruby on rails",8.11,9,IIT,Accenture
"time management, JavaScript, DevOps, teamwork, attention to detail, TensorFlow, java, cassandra, google cloud, NLP","javascript, teamwork, NLP, Spark, TensorFlow",9.3,10,IIT,Accenture
"leadership, logical thinking, go, JavaScript, php, analytical thinking, ruby on rails, mongodb, sql, web services","collaboration, postgresql, analytical thinking, adaptability, Cloud Architecture",9.46,10,IIT,Accenture
"javascript, ruby, Cloud Computing, Azure, mysql, sql, python, php, django, ruby on rails","ruby on rails, ruby, attention to detail, oracle, javascript",8.35,10,IIT,Accenture
"time management, flask, JavaScript, teamwork, attention to detail, php, java, javascript, python, Spark","adaptability, google cloud, logical thinking, React, ruby",9.24,10,IIT,Accenture
"ruby, Spring Boot, collaboration, django, continuous learning, analytical thinking, NLP, php, attention to detail, go","ruby on rails, analytical thinking, collaboration, restful apis, JavaScript",8.34,10,IIT,Accenture
"cassandra, attention to detail, sql, mentoring, mysql, java, go, javascript, ruby on rails, postgresql","mongodb, cassandra, attention to detail, python, adaptability",8.41,10,IIT,Accenture
"mysql, sql, java, JavaScript, web services, time management, python, Spring Boot, Spark, continuous learning","AWS, php, javascript, problem-solving, ruby on rails",9.23,9,IIT,Accenture
"mysql, JavaScript, Cloud Architecture, DevOps, continuous learning, javascript, Azure, problem-solving, oracle, collaboration","Cloud Computing, oracle, go, problem-solving, cassandra",9.38,10,IIT,Accenture
"JavaScript, mongodb, leadership, mentoring, python, logical thinking, postgresql, adaptability, Azure, NLP","php, time management, Cloud Computing, teamwork, attention to detail",9.35,9,IIT,Accenture
"google cloud, java, attention to detail, React, php, javascript, postgresql, TensorFlow, communication, go","ruby on rails, React, python, analytical thinking, leadership",8.97,10,IIT,Cognizant
"node.js, teamwork, go, mentoring, communication, Cloud Architecture, JavaScript, DevOps, google cloud, php","mongodb, problem-solving, time management, Azure, ruby",9.29,9,IIT,Cognizant
"node.js, postgresql, time management, TensorFlow, php, React, oracle, python, continuous learning, ruby","django, Cloud Computing, React, php, TensorFlow",9.75,9,IIT,Cognizant
"django, NLP, postgresql, Cloud Computing, javascript, communication, cassandra, TensorFlow, ruby, flask","Spring Boot, leadership, ruby on rails, mentoring, NLP",9.07,9,IIT,Cognizant
"restful apis, logical thinking, DevOps, mysql, Cloud Architecture, attention to detail, continuous learning, collaboration, JavaScript, go","analytical thinking, mongodb, java, php, TensorFlow",8.91,9,IIT,Cognizant
"collaboration, JavaScript, Spring Boot, NLP, Cloud Architecture, TensorFlow, time management, problem-solving, restful apis, ruby","go, postgresql, collaboration, mongodb, problem-solving",9.24,9,IIT,Cognizant
"time management, php, java, adaptability, flask, teamwork, django, Cloud Architecture, Azure, React","Spark, python, mysql, node.js, php",8.52,10,IIT,Cognizant
"leadership, node.js, TensorFlow, analytical thinking, logical thinking, time management, ruby on rails, DevOps, collaboration, teamwork","java, Cloud Architecture, javascript, cassandra, ruby",9.46,9,IIT,Cognizant
"node.js, sql, Spring Boot, teamwork, JavaScript, mongodb, java, attention to detail, TensorFlow, continuous learning","communication, flask, time management, restful apis, mentoring",8.28,9,IIT,Cognizant
"Spark, communication, flask, teamwork, time management, php, python, ruby on rails, sql, google cloud","mysql, postgresql, ruby, django, cassandra",8.78,9,IIT,Cognizant
"Cloud Computing, teamwork, sql, postgresql, adaptability, cassandra, collaboration, communication, AWS, logical thinking","logical thinking, node.js, JavaScript, collaboration, restful apis",9.35,10,IIT,Cognizant
"cassandra, Cloud Architecture, restful apis, attention to detail, node.js, JavaScript, logical thinking, java, teamwork, problem-solving","adaptability, AWS, mongodb, TensorFlow, javascript",8.74,9,IIT,Cognizant
"continuous learning, Cloud Computing, django, Cloud Architecture, communication, Spring Boot, google cloud, mentoring, postgresql, java","teamwork, logical thinking, Spring Boot, adaptability, mysql",9.14,10,IIT,Cognizant
"analytical thinking, DevOps, Spark, node.js, Spring Boot, restful apis, continuous learning, google cloud, React, javascript","TensorFlow, AWS, mongodb, restful apis, mysql",9.68,10,IIT,Cognizant
"restful apis, analytical thinking, Spring Boot, Cloud Computing, communication, oracle, attention to detail, node.js, teamwork, adaptability","django, sql, continuous learning, attention to detail, NLP",8.8,10,IIT,Cognizant
"mongodb, problem-solving, python, continuous learning, web services, Spring Boot, postgresql, sql, go, teamwork","ruby, attention to detail, DevOps, TensorFlow, google cloud",9.09,10,IIT,Cognizant
"continuous learning, oracle, ruby, java, Cloud Architecture, python, problem-solving, attention to detail, mongodb, javascript","java, continuous learning, leadership, communication, Spring Boot",8.57,10,IIT,Cognizant
"React, node.js, adaptability, php, mysql, communication, attention to detail, Cloud Architecture, Cloud Computing, leadership","communication, Cloud Architecture, google cloud, mongodb, continuous learning",9.71,9,IIT,Cognizant
"javascript, Cloud Computing, node.js, JavaScript, web services, google cloud, communication, Cloud Architecture, problem-solving, adaptability","attention to detail, time management, mentoring, Azure, problem-solving",9.09,9,IIT,Cognizant
"postgresql, teamwork, java, analytical thinking, javascript, php, Spring Boot, Cloud Architecture, Azure, attention to detail","mongodb, postgresql, continuous learning, mentoring, JavaScript",8.25,10,IIT,Cognizant
"oracle, Cloud Architecture, mysql, ruby on rails, google cloud, DevOps, node.js, web services, flask, sql","time management, AWS, ruby, javascript, DevOps",9.35,9,IIT,Cognizant
"django, ruby, AWS, logical thinking, problem-solving, DevOps, oracle, javascript, Azure, TensorFlow","ruby on rails, flask, analytical thinking, Cloud Architecture, django",9.24,9,IIT,Cognizant
"javascript, JavaScript, analytical thinking, oracle, mentoring, Spring Boot, time management, collaboration, communication, python","mongodb, oracle, AWS, Cloud Computing, continuous learning",9.02,10,IIT,Cognizant
"php, NLP, communication, javascript, continuous learning, analytical thinking, oracle, React, Cloud Architecture, django","Spark, time management, node.js, collaboration, TensorFlow",9.05,9,IIT,Cognizant
"Spring Boot, web services, teamwork, logical thinking, flask, ruby on rails, oracle, NLP, attention to detail, continuous learning","ruby on rails, cassandra, logical thinking, Azure, analytical thinking",9.59,9,IIT,Cognizant
"web services, Spark, React, logical thinking, TensorFlow, problem-solving, teamwork, java, DevOps, Azure","postgresql, TensorFlow, ruby on rails, Cloud Computing, node.js",8.25,9,IIT,Cognizant
"mongodb, php, web services, time management, sql, Cloud Computing, analytical thinking, mysql, AWS, JavaScript","Azure, python, problem-solving, django, leadership",8.6,10,IIT,Cognizant
"flask, communication, time management, mentoring, logical thinking, go, teamwork, leadership, oracle, javascript","collaboration, teamwork, analytical thinking, cassandra, restful apis",9.1,9,IIT,Cognizant
"mentoring, django, AWS, cassandra, mysql, postgresql, ruby on rails, sql, google cloud, Cloud Architecture","DevOps, Cloud Architecture, ruby, web services, java",8.29,10,IIT,Cognizant
"time management, leadership, sql, Cloud Architecture, Spark, DevOps, django, cassandra, flask, google cloud","python, DevOps, javascript, teamwork, adaptability",9.39,9,IIT,Cognizant
"mentoring, teamwork, React, collaboration, AWS, oracle, Spring Boot, python, Azure, ruby","java, mongodb, python, Cloud Architecture, django",8.04,10,IIT,Microsoft
"mysql, django, restful apis, Azure, Spark, Spring Boot, javascript, Cloud Architecture, TensorFlow, NLP","javascript, React, Cloud Architecture, google cloud, Spark",8.34,10,IIT,Microsoft
"problem-solving, mentoring, mysql, JavaScript, DevOps, Cloud Architecture, flask, analytical thinking, go, adaptability","problem-solving, php, cassandra, adaptability, mentoring",8.3,10,IIT,Microsoft
"web services, communication, mongodb, DevOps, oracle, analytical thinking, php, continuous learning, Cloud Architecture, Cloud Computing","ruby on rails, teamwork, continuous learning, mysql, mentoring",8.94,9,IIT,Microsoft
"DevOps, mongodb, Azure, php, mysql, communication, Spring Boot, java, Cloud Architecture, flask","restful apis, google cloud, continuous learning, django, mongodb",9.69,9,IIT,Microsoft
"logical thinking, collaboration, web services, leadership, sql, oracle, teamwork, google cloud, Spring Boot, Cloud Architecture","php, python, analytical thinking, JavaScript, leadership",8.19,10,IIT,Microsoft
"collaboration, Cloud Computing, java, python, Azure, Cloud Architecture, DevOps, JavaScript, sql, django","problem-solving, mentoring, web services, python, flask",8.67,10,IIT,Microsoft
"Cloud Computing, adaptability, ruby, go, restful apis, leadership, communication, java, google cloud, mysql","React, TensorFlow, ruby, analytical thinking, leadership",9.24,10,IIT,Microsoft
"mysql, node.js, java, postgresql, python, mentoring, Azure, Cloud Architecture, analytical thinking, Spring Boot","logical thinking, restful apis, java, google cloud, Cloud Architecture",8.16,10,IIT,Microsoft
"sql, java, Spring Boot, ruby on rails, php, teamwork, cassandra, Cloud Computing, flask, google cloud","time management, ruby on rails, Spring Boot, restful apis, mysql",8.46,10,IIT,Microsoft
"ruby on rails, Spark, Azure, continuous learning, cassandra, restful apis, JavaScript, collaboration, teamwork, postgresql","ruby on rails, continuous learning, javascript, Azure, teamwork",9.1,10,IIT,Microsoft
"problem-solving, flask, postgresql, DevOps, leadership, mongodb, AWS, mysql, JavaScript, Spark","communication, ruby, collaboration, sql, go",8.77,9,IIT,Microsoft
"go, TensorFlow, postgresql, php, java, Cloud Computing, python, mysql, collaboration, node.js","React, communication, mentoring, python, php",8.61,10,IIT,Microsoft
"Spring Boot, cassandra, continuous learning, TensorFlow, php, google cloud, python, mentoring, javascript, oracle","TensorFlow, sql, collaboration, django, flask",8.71,10,IIT,Microsoft
"leadership, JavaScript, communication, teamwork, React, php, Azure, mongodb, NLP, postgresql","communication, ruby on rails, continuous learning, flask, AWS",8.02,9,IIT,Microsoft
"java, flask, postgresql, JavaScript, time management, AWS, cassandra, attention to detail, NLP, communication","collaboration, mongodb, Cloud Architecture, web services, Spring Boot",9.55,9,IIT,Microsoft
"continuous learning, time management, Cloud Computing, Spring Boot, php, sql, mysql, ruby, analytical thinking, mentoring","ruby on rails, django, time management, logical thinking, google cloud",9.27,10,IIT,Microsoft
"adaptability, ruby on rails, Spark, DevOps, mysql, java, problem-solving, attention to detail, oracle, analytical thinking","google cloud, JavaScript, php, Cloud Architecture, node.js",9.29,10,IIT,Microsoft
"java, web services, TensorFlow, NLP, continuous learning, mentoring, restful apis, Spring Boot, time management, ruby","node.js, DevOps, NLP, analytical thinking, python",8.13,9,IIT,Microsoft
"problem-solving, Spring Boot, communication, continuous learning, analytical thinking, mentoring, time management, AWS, cassandra, sql","go, analytical thinking, postgresql, mysql, Azure",8.84,10,IIT,Microsoft
"mysql, teamwork, google cloud, Cloud Computing, continuous learning, TensorFlow, oracle, sql, DevOps, cassandra","attention to detail, restful apis, ruby, mentoring, go",8.66,10,IIT,Microsoft
"adaptability, collaboration, sql, python, analytical thinking, google cloud, continuous learning, AWS, php, Cloud Architecture","go, flask, node.js, TensorFlow, mongodb",8.45,9,IIT,Microsoft
"restful apis, JavaScript, ruby on rails, oracle, analytical thinking, DevOps, ruby, problem-solving, java, time management","continuous learning, ruby on rails, attention to detail, AWS, postgresql",9.67,10,IIT,Microsoft
"NLP, time management, node.js, google cloud, flask, Cloud Architecture, Spark, logical thinking, teamwork, React","leadership, analytical thinking, flask, collaboration, TensorFlow",9.15,9,IIT,Microsoft
"Spring Boot, React, google cloud, Spark, go, mysql, web services, attention to detail, postgresql, JavaScript","communication, django, Spark, Cloud Architecture, web services",9.02,10,IIT,Microsoft
"mongodb, DevOps, java, ruby, postgresql, TensorFlow, Azure, Spring Boot, flask, restful apis","restful apis, mysql, problem-solving, javascript, flask",8.51,10,IIT,Microsoft
"Spring Boot, node.js, ruby, web services, leadership, sql, NLP, React, python, teamwork","Spark, ruby on rails, restful apis, Spring Boot, postgresql",8.42,10,IIT,Microsoft
"communication, teamwork, web services, javascript, React, sql, ruby, analytical thinking, google cloud, flask","Spark, django, php, teamwork, time management",8.8,9,IIT,Microsoft
"ruby, problem-solving, JavaScript, React, go, leadership, DevOps, logical thinking, analytical thinking, adaptability","Azure, restful apis, analytical thinking, python, JavaScript",8.95,10,IIT,Microsoft
"mongodb, django, attention to detail, communication, leadership, node.js, ruby, python, NLP, time management","attention to detail, Azure, google cloud, go, communication",8.83,9,IIT,Microsoft
"ruby on rails, go, python, flask, DevOps, attention to detail, leadership, Cloud Computing, continuous learning, AWS","AWS, node.js, NLP, sql, TensorFlow",9.22,9,IIT,Google
"python, cassandra, node.js, TensorFlow, mentoring, ruby, analytical thinking, java, AWS, NLP","communication, ruby, NLP, mysql, time management",9.07,9,IIT,Google
"logical thinking, adaptability, continuous learning, analytical thinking, go, node.js, mongodb, ruby, sql, google cloud","postgresql, time management, django, mongodb, NLP",9.59,10,IIT,Google
"logical thinking, continuous learning, time management, DevOps, NLP, adaptability, mysql, google cloud, Spring Boot, go","React, continuous learning, DevOps, mysql, google cloud",8.24,9,IIT,Google
"leadership, sql, Spring Boot, AWS, teamwork, django, ruby on rails, NLP, java, web services","ruby on rails, flask, mongodb, ruby, javascript",8.66,10,IIT,Google
"Azure, django, DevOps, flask, Cloud Computing, Spring Boot, restful apis, TensorFlow, attention to detail, Spark","Spring Boot, Cloud Architecture, mentoring, ruby on rails, Spark",9.46,9,IIT,Google
"mysql, analytical thinking, DevOps, continuous learning, time management, go, Azure, Spark, restful apis, javascript","Spring Boot, logical thinking, javascript, node.js, continuous learning",9.45,9,IIT,Google
"django, leadership, attention to detail, node.js, google cloud, JavaScript, python, React, cassandra, collaboration","sql, logical thinking, communication, ruby on rails, collaboration",8.01,10,IIT,Google
"oracle, web services, continuous learning, JavaScript, ruby, Spark, php, ruby on rails, leadership, React","web services, continuous learning, java, JavaScript, analytical thinking",8.26,10,IIT,Google
"oracle, php, javascript, AWS, mysql, leadership, DevOps, attention to detail, Cloud Computing, flask","attention to detail, google cloud, collaboration, postgresql, oracle",8.77,9,IIT,Google
"php, mentoring, leadership, TensorFlow, web services, collaboration, continuous learning, flask, sql, Spark","flask, communication, django, web services, JavaScript",9.07,9,IIT,Google
"continuous learning, Spring Boot, Spark, java, google cloud, cassandra, DevOps, problem-solving, time management, sql","TensorFlow, javascript, analytical thinking, communication, node.js",8.13,9,IIT,Google
"google cloud, attention to detail, Spring Boot, leadership, NLP, mongodb, analytical thinking, django, Cloud Architecture, node.js","Cloud Architecture, adaptability, node.js, flask, leadership",9.72,9,IIT,Google
"javascript, time management, flask, Spark, DevOps, web services, attention to detail, restful apis, problem-solving, oracle","web services, mongodb, attention to detail, postgresql, logical thinking",8.08,10,IIT,Google
"Azure, time management, mentoring, continuous learning, restful apis, collaboration, Spring Boot, python, web services, NLP","sql, problem-solving, google cloud, adaptability, python",9.46,10,IIT,Google
"python, ruby on rails, mentoring, javascript, Azure, node.js, analytical thinking, Spark, go, JavaScript","mongodb, Cloud Computing, php, JavaScript, continuous learning",8.61,9,IIT,Google
"go, communication, continuous learning, Spring Boot, node.js, java, leadership, web services, Azure, php","ruby, mentoring, java, continuous learning, AWS",8.76,9,IIT,Google
"communication, node.js, restful apis, React, DevOps, adaptability, Spark, teamwork, AWS, mentoring","Cloud Architecture, continuous learning, Azure, communication, Spark",9.73,9,IIT,Google
"mysql, cassandra, web services, mentoring, Azure, Spark, leadership, time management, django, NLP","analytical thinking, java, mongodb, attention to detail, Spring Boot",9.15,10,IIT,Google
"go, php, React, leadership, Cloud Architecture, python, JavaScript, logical thinking, web services, mongodb","continuous learning, NLP, postgresql, Spark, django",9.35,9,IIT,Google
"DevOps, sql, collaboration, django, php, Cloud Computing, TensorFlow, continuous learning, time management, analytical thinking","logical thinking, javascript, attention to detail, web services, problem-solving",8.78,10,IIT,Google
"analytical thinking, logical thinking, JavaScript, adaptability, node.js, problem-solving, Azure, postgresql, attention to detail, Cloud Architecture","Azure, mentoring, go, mysql, Spark",8.31,9,IIT,Google
"google cloud, continuous learning, problem-solving, attention to detail, logical thinking, oracle, javascript, TensorFlow, Spring Boot, cassandra","go, Spark, AWS, oracle, mongodb",9.05,10,IIT,Google
"django, mongodb, TensorFlow, DevOps, node.js, adaptability, java, analytical thinking, JavaScript, oracle","DevOps, django, Spark, communication, java",9.36,10,IIT,Google
"leadership, restful apis, attention to detail, AWS, cassandra, mentoring, python, ruby on rails, postgresql, ruby","postgresql, ruby on rails, web services, JavaScript, cassandra",8.8,9,IIT,Google
"php, DevOps, logical thinking, python, analytical thinking, continuous learning, time management, Cloud Architecture, mysql, sql","adaptability, NLP, Spring Boot, continuous learning, communication",9.09,9,IIT,Google
"go, mentoring, analytical thinking, continuous learning, adaptability, Spark, attention to detail, communication, postgresql, JavaScript","attention to detail, Cloud Architecture, communication, cassandra, java",8.49,9,IIT,Google
"analytical thinking, adaptability, problem-solving, sql, Cloud Architecture, postgresql, Spring Boot, NLP, cassandra, mongodb","Spring Boot, TensorFlow, continuous learning, java, Spark",8.98,10,IIT,Google
"NLP, mongodb, google cloud, leadership, django, DevOps, Spring Boot, node.js, adaptability, JavaScript","python, django, php, java, collaboration",8.03,10,IIT,Google
"ruby, adaptability, postgresql, web services, node.js, java, mysql, analytical thinking, React, NLP","leadership, django, JavaScript, node.js, attention to detail",9.05,9,IIT,Google
"python, web services, cassandra, NLP, mongodb, communication, logical thinking, oracle, google cloud, ruby","Spring Boot, restful apis, adaptability, sql, go",8.65,10,IIT,Oracle
"Spring Boot, mongodb, ruby, mentoring, attention to detail, leadership, flask, analytical thinking, ruby on rails, problem-solving","sql, java, go, php, node.js",9.6,10,IIT,Oracle
"leadership, problem-solving, mysql, DevOps, continuous learning, google cloud, teamwork, Cloud Computing, ruby on rails, mentoring","mentoring, flask, web services, postgresql, JavaScript",8.51,9,IIT,Oracle
"NLP, DevOps, python, php, Cloud Computing, ruby on rails, teamwork, mentoring, time management, logical thinking","django, mentoring, php, web services, cassandra",8.01,9,IIT,Oracle
"collaboration, logical thinking, flask, django, analytical thinking, mysql, Spring Boot, teamwork, leadership, mentoring","mongodb, cassandra, django, attention to detail, continuous learning",8.76,9,IIT,Oracle
"continuous learning, leadership, TensorFlow, adaptability, django, NLP, collaboration, Azure, mongodb, teamwork","continuous learning, Spark, mongodb, attention to detail, javascript",9.03,9,IIT,Oracle
"ruby, attention to detail, NLP, Spring Boot, postgresql, sql, problem-solving, flask, mentoring, mongodb","Spark, AWS, teamwork, leadership, ruby",9.62,9,IIT,Oracle
"django, php, mentoring, teamwork, node.js, oracle, TensorFlow, Spring Boot, javascript, mongodb","php, NLP, problem-solving, adaptability, mysql",8.28,10,IIT,Oracle
"mongodb, Spark, logical thinking, analytical thinking, google cloud, adaptability, python, django, time management, problem-solving","flask, cassandra, go, oracle, Spring Boot",8.71,9,IIT,Oracle
"JavaScript, mongodb, ruby, React, mentoring, Spring Boot, mysql, Azure, leadership, django","web services, Spark, python, Cloud Architecture, Cloud Computing",9.02,9,IIT,Oracle
"Azure, go, analytical thinking, google cloud, NLP, DevOps, mongodb, problem-solving, logical thinking, python","Cloud Computing, adaptability, oracle, collaboration, DevOps",8.09,9,IIT,Oracle
"cassandra, teamwork, google cloud, mongodb, java, leadership, logical thinking, restful apis, communication, python","django, mentoring, oracle, mysql, NLP",8.55,9,IIT,Oracle
"continuous learning, go, adaptability, mysql, leadership, postgresql, collaboration, AWS, mentoring, DevOps","JavaScript, mysql, Cloud Computing, React, web services",8.21,10,IIT,Oracle
"problem-solving, google cloud, NLP, javascript, adaptability, continuous learning, php, Azure, ruby, React","attention to detail, TensorFlow, collaboration, communication, sql",8.97,9,IIT,Oracle
"restful apis, django, postgresql, Cloud Architecture, adaptability, attention to detail, mysql, Azure, oracle, DevOps","leadership, go, restful apis, Spark, python",8.51,10,IIT,Oracle
"cassandra, postgresql, TensorFlow, django, node.js, teamwork, php, mongodb, communication, java","ruby, web services, JavaScript, problem-solving, restful apis",8.73,10,IIT,Oracle
"mysql, sql, ruby on rails, collaboration, problem-solving, teamwork, continuous learning, ruby, mentoring, php","google cloud, AWS, leadership, mongodb, oracle",9.6,9,IIT,Oracle
"javascript, go, restful apis, Spring Boot, google cloud, Azure, problem-solving, flask, oracle, logical thinking","mysql, problem-solving, web services, mongodb, java",8.1,10,IIT,Oracle
"continuous learning, Cloud Architecture, django, restful apis, go, leadership, google cloud, Cloud Computing, python, ruby","web services, DevOps, sql, attention to detail, collaboration",9.02,10,IIT,Oracle
"sql, AWS, web services, continuous learning, oracle, teamwork, ruby, Azure, logical thinking, attention to detail","javascript, continuous learning, go, postgresql, oracle",8.69,9,IIT,Oracle
"AWS, sql, problem-solving, google cloud, ruby on rails, ruby, restful apis, time management, TensorFlow, php","attention to detail, ruby on rails, problem-solving, collaboration, ruby",8.95,10,IIT,Oracle
"postgresql, logical thinking, leadership, NLP, google cloud, web services, communication, javascript, Azure, python","problem-solving, Cloud Architecture, oracle, AWS, django",8.12,10,IIT,Oracle
"cassandra, problem-solving, mysql, leadership, Cloud Computing, React, DevOps, Azure, postgresql, php","leadership, sql, Azure, Cloud Architecture, continuous learning",8.64,10,IIT,Oracle
"cassandra, sql, mongodb, collaboration, java, Spark, node.js, javascript, Azure, TensorFlow","logical thinking, go, continuous learning, Spring Boot, AWS",8.19,10,IIT,Oracle
"JavaScript, web services, React, postgresql, NLP, go, oracle, Cloud Architecture, node.js, leadership","node.js, flask, Cloud Architecture, django, python",9.59,10,IIT,Oracle
"teamwork, mentoring, mongodb, DevOps, node.js, restful apis, TensorFlow, JavaScript, collaboration, React","JavaScript, python, NLP, oracle, time management",8.91,10,IIT,Oracle
"TensorFlow, Cloud Computing, logical thinking, Cloud Architecture, google cloud, postgresql, analytical thinking, node.js, restful apis, ruby on rails","node.js, NLP, restful apis, Cloud Architecture, logical thinking",9.28,10,IIT,Oracle
"go, NLP, mongodb, ruby on rails, google cloud, adaptability, logical thinking, sql, Spark, communication","postgresql, ruby on rails, Spark, analytical thinking, NLP",9.02,10,IIT,Oracle
"python, time management, communication, Azure, cassandra, mentoring, attention to detail, flask, analytical thinking, node.js","mongodb, attention to detail, node.js, leadership, django",8.27,10,IIT,Oracle
"collaboration, React, Spring Boot, php, Spark, go, postgresql, Azure, adaptability, problem-solving","mysql, logical thinking, time management, NLP, php",9.38,9,IIT,Oracle
"adaptability, leadership, php, cassandra, Cloud Architecture, analytical thinking, teamwork, web services, Cloud Computing, problem-solving","sql, time management, flask, JavaScript, DevOps",9.57,10,IIT,Dell Technologies
"go, Cloud Computing, NLP, logical thinking, cassandra, postgresql, time management, ruby, TensorFlow, analytical thinking","flask, google cloud, problem-solving, continuous learning, TensorFlow",8.71,9,IIT,Dell Technologies
"teamwork, web services, google cloud, JavaScript, python, leadership, analytical thinking, Spark, continuous learning, go","communication, problem-solving, flask, leadership, DevOps",9.25,10,IIT,Dell Technologies
"cassandra, AWS, google cloud, DevOps, oracle, leadership, django, go, mentoring, web services","TensorFlow, Spark, analytical thinking, logical thinking, problem-solving",8.13,9,IIT,Dell Technologies
"time management, ruby on rails, web services, java, postgresql, oracle, mentoring, communication, AWS, go","node.js, oracle, DevOps, teamwork, Spark",8.61,10,IIT,Dell Technologies
"communication, problem-solving, Spring Boot, attention to detail, ruby, Spark, analytical thinking, web services, leadership, continuous learning","Azure, problem-solving, restful apis, mentoring, attention to detail",8.82,9,IIT,Dell Technologies
"problem-solving, flask, JavaScript, AWS, node.js, ruby on rails, Spark, oracle, web services, communication","flask, analytical thinking, mysql, postgresql, go",8.43,10,IIT,Dell Technologies
"Spark, NLP, analytical thinking, Spring Boot, adaptability, Cloud Architecture, JavaScript, mysql, restful apis, leadership","go, Azure, oracle, analytical thinking, ruby on rails",8.07,9,IIT,Dell Technologies
"javascript, Spring Boot, web services, restful apis, node.js, flask, google cloud, problem-solving, Cloud Computing, sql","google cloud, DevOps, go, time management, php",8.62,9,IIT,Dell Technologies
"restful apis, problem-solving, Azure, sql, analytical thinking, time management, collaboration, mysql, ruby, google cloud","Cloud Architecture, continuous learning, Cloud Computing, sql, python",9.45,9,IIT,Dell Technologies
"php, Spring Boot, leadership, mysql, mentoring, postgresql, collaboration, node.js, TensorFlow, logical thinking","AWS, node.js, teamwork, leadership, mentoring",8.42,10,IIT,Dell Technologies
"collaboration, ruby on rails, php, TensorFlow, django, teamwork, problem-solving, Cloud Architecture, flask, AWS","php, web services, oracle, python, flask",8.13,9,IIT,Dell Technologies
"django, oracle, google cloud, AWS, logical thinking, ruby, NLP, mongodb, php, cassandra","Spark, mentoring, Azure, TensorFlow, time management",9.46,10,IIT,Dell Technologies
"JavaScript, Spring Boot, Azure, collaboration, sql, problem-solving, mysql, leadership, attention to detail, node.js","problem-solving, mysql, analytical thinking, TensorFlow, teamwork",9.36,10,IIT,Dell Technologies
"google cloud, ruby on rails, restful apis, collaboration, flask, JavaScript, Cloud Architecture, oracle, mentoring, javascript","django, NLP, communication, go, restful apis",8.92,9,IIT,Dell Technologies
"continuous learning, collaboration, problem-solving, oracle, mentoring, adaptability, time management, analytical thinking, java, DevOps","Cloud Computing, problem-solving, DevOps, php, Cloud Architecture",8.89,10,IIT,Dell Technologies
"mysql, Cloud Architecture, React, teamwork, Azure, collaboration, mongodb, google cloud, postgresql, Cloud Computing","sql, django, NLP, JavaScript, postgresql",9.08,9,IIT,Dell Technologies
"web services, python, NLP, AWS, adaptability, flask, sql, attention to detail, ruby, postgresql","collaboration, communication, cassandra, node.js, oracle",8.65,9,IIT,Dell Technologies
"DevOps, AWS, mysql, continuous learning, java, JavaScript, python, Spring Boot, google cloud, mongodb","logical thinking, mysql, Cloud Computing, Cloud Architecture, analytical thinking",9.39,9,IIT,Dell Technologies
"DevOps, restful apis, postgresql, oracle, Cloud Computing, Spring Boot, cassandra, mentoring, google cloud, time management","oracle, google cloud, ruby on rails, teamwork, java",9.47,9,IIT,Dell Technologies
"analytical thinking, DevOps, TensorFlow, cassandra, python, web services, Cloud Computing, oracle, javascript, NLP","google cloud, React, TensorFlow, teamwork, Cloud Computing",8.19,10,IIT,Dell Technologies
"postgresql, problem-solving, React, DevOps, go, mysql, mentoring, Cloud Computing, java, teamwork","restful apis, mysql, google cloud, sql, NLP",8.02,10,IIT,Dell Technologies
"adaptability, mysql, teamwork, java, restful apis, communication, Spark, python, continuous learning, collaboration","mentoring, mysql, java, php, oracle",9.57,10,IIT,Dell Technologies
"continuous learning, mongodb, Spark, sql, web services, node.js, DevOps, NLP, Azure, adaptability","cassandra, ruby, mysql, time management, javascript",8.53,10,IIT,Dell Technologies
"php, problem-solving, attention to detail, Cloud Computing, JavaScript, mongodb, web services, time management, restful apis, NLP","attention to detail, sql, problem-solving, teamwork, postgresql",8.83,9,IIT,Dell Technologies
"time management, mongodb, flask, NLP, Spring Boot, Azure, leadership, oracle, python, go","DevOps, django, ruby on rails, cassandra, adaptability",9.7,9,IIT,Dell Technologies
"mysql, javascript, communication, attention to detail, sql, NLP, leadership, node.js, google cloud, web services","php, attention to detail, Spring Boot, go, adaptability",9.22,9,IIT,Dell Technologies
"AWS, continuous learning, Azure, communication, analytical thinking, ruby, java, DevOps, ruby on rails, leadership","google cloud, java, postgresql, web services, TensorFlow",9.08,9,IIT,Dell Technologies
"mysql, Spark, logical thinking, cassandra, TensorFlow, oracle, sql, node.js, mentoring, go","Spark, JavaScript, django, google cloud, Azure",9,10,IIT,Dell Technologies
"Azure, teamwork, adaptability, NLP, ruby, mysql, javascript, node.js, analytical thinking, Spark","cassandra, php, TensorFlow, python, node.js",8.45,9,IIT,Dell Technologies
"time management, go, python, DevOps, node.js, Cloud Architecture, Spark, logical thinking, React, attention to detail","logical thinking, analytical thinking, python, Spring Boot, time management",8.16,9,IIT,Capgemini
"google cloud, Spark, DevOps, Cloud Architecture, cassandra, adaptability, time management, java, logical thinking, NLP","sql, oracle, React, attention to detail, analytical thinking",9.64,9,IIT,Capgemini
"Spring Boot, continuous learning, adaptability, mysql, django, google cloud, NLP, postgresql, cassandra, python","Cloud Computing, JavaScript, Azure, NLP, Spark",8.88,9,IIT,Capgemini
"continuous learning, mongodb, sql, attention to detail, mysql, ruby, web services, cassandra, javascript, java","React, Spark, Spring Boot, flask, collaboration",9.37,9,IIT,Capgemini
"Cloud Computing, teamwork, restful apis, Azure, adaptability, node.js, web services, AWS, NLP, DevOps","mongodb, web services, TensorFlow, NLP, postgresql",8.52,10,IIT,Capgemini
"JavaScript, postgresql, java, python, ruby, TensorFlow, mongodb, NLP, continuous learning, problem-solving","collaboration, sql, mysql, mongodb, ruby",9.71,9,IIT,Capgemini
"TensorFlow, analytical thinking, JavaScript, google cloud, mysql, adaptability, leadership, Spark, postgresql, NLP","mysql, Azure, restful apis, google cloud, NLP",8.85,10,IIT,Capgemini
"ruby on rails, leadership, Azure, NLP, restful apis, AWS, php, time management, web services, communication","communication, cassandra, sql, java, php",9.71,10,IIT,Capgemini
"java, Cloud Computing, django, mentoring, problem-solving, teamwork, restful apis, Azure, node.js, analytical thinking","Spring Boot, postgresql, leadership, ruby on rails, time management",8.39,9,IIT,Capgemini
"flask, go, NLP, attention to detail, ruby, JavaScript, collaboration, node.js, web services, ruby on rails","python, JavaScript, Azure, Cloud Architecture, AWS",8.15,10,IIT,Capgemini
"React, continuous learning, oracle, Spring Boot, php, flask, ruby, Spark, ruby on rails, python","node.js, Azure, web services, DevOps, cassandra",8.7,9,IIT,Capgemini
"attention to detail, Azure, Spring Boot, AWS, time management, cassandra, node.js, teamwork, python, Spark","sql, JavaScript, ruby on rails, TensorFlow, web services",9.13,9,IIT,Capgemini
"restful apis, attention to detail, DevOps, mysql, go, NLP, adaptability, java, oracle, leadership","java, JavaScript, leadership, php, logical thinking",8.97,10,IIT,Capgemini
"javascript, adaptability, Spring Boot, google cloud, analytical thinking, time management, problem-solving, AWS, logical thinking, Cloud Computing","google cloud, NLP, flask, analytical thinking, oracle",9.41,10,IIT,Capgemini
"web services, cassandra, postgresql, AWS, flask, problem-solving, mysql, analytical thinking, google cloud, oracle","communication, continuous learning, attention to detail, AWS, Spark",8.05,9,IIT,Capgemini
"TensorFlow, google cloud, mongodb, javascript, django, ruby on rails, go, attention to detail, adaptability, cassandra","collaboration, teamwork, php, mysql, DevOps",8.31,9,IIT,Capgemini
"teamwork, Cloud Architecture, problem-solving, mentoring, sql, ruby on rails, adaptability, postgresql, javascript, AWS","django, React, DevOps, attention to detail, time management",8.04,9,IIT,Capgemini
"java, python, adaptability, AWS, restful apis, teamwork, go, logical thinking, ruby on rails, collaboration","Azure, php, node.js, AWS, attention to detail",8.67,10,IIT,Capgemini
"cassandra, Cloud Architecture, communication, java, mongodb, attention to detail, AWS, Spark, TensorFlow, DevOps","attention to detail, python, continuous learning, Cloud Computing, adaptability",8.26,10,IIT,Capgemini
"mentoring, AWS, mongodb, TensorFlow, postgresql, Cloud Computing, Spring Boot, go, ruby on rails, DevOps","Cloud Computing, postgresql, Spark, web services, ruby on rails",8.97,9,IIT,Capgemini
"go, Spark, AWS, django, communication, time management, python, google cloud, mysql, Spring Boot","collaboration, google cloud, communication, NLP, mysql",9.65,10,IIT,Capgemini
"Spark, teamwork, javascript, ruby on rails, mysql, Cloud Architecture, postgresql, mentoring, JavaScript, node.js","logical thinking, NLP, Azure, django, mongodb",8.06,10,IIT,Capgemini
"go, leadership, mysql, mentoring, cassandra, django, continuous learning, ruby on rails, ruby, flask","Azure, web services, javascript, google cloud, mongodb",8.34,10,IIT,Capgemini
"NLP, communication, AWS, collaboration, leadership, flask, logical thinking, ruby on rails, python, django","oracle, ruby, problem-solving, mentoring, mongodb",9.15,10,IIT,Capgemini
"postgresql, java, sql, web services, go, node.js, Spring Boot, NLP, mongodb, continuous learning","google cloud, Spark, continuous learning, go, JavaScript",8.79,9,IIT,Capgemini
"leadership, Cloud Computing, analytical thinking, JavaScript, javascript, Spring Boot, mysql, continuous learning, Spark, AWS","problem-solving, postgresql, cassandra, adaptability, React",9.29,9,IIT,Capgemini
"Cloud Architecture, python, problem-solving, Azure, JavaScript, go, ruby, mongodb, web services, oracle","sql, JavaScript, continuous learning, leadership, javascript",9.11,10,IIT,Capgemini
"restful apis, NLP, collaboration, AWS, cassandra, Azure, go, javascript, django, postgresql","django, Azure, JavaScript, ruby, attention to detail",8.41,10,IIT,Capgemini
"mentoring, python, javascript, time management, React, google cloud, postgresql, restful apis, ruby, NLP","problem-solving, sql, postgresql, DevOps, teamwork",9.04,10,IIT,Capgemini
"oracle, ruby, mongodb, AWS, node.js, React, sql, restful apis, Spark, Azure","time management, React, continuous learning, Cloud Architecture, mentoring",8.36,10,IIT,Capgemini
